<?xml version="1.0" encoding="UTF-8"?>
<project-private xmlns="http://www.netbeans.org/ns/project-private/1">
    <editor-bookmarks xmlns="http://www.netbeans.org/ns/editor-bookmarks/2" lastBookmarkId="0"/>
    <open-files xmlns="http://www.netbeans.org/ns/projectui-open-files/2">
        <group>
            <file>file:/C:/Users/63916/Desktop/BusReservation2.0/src/BusDb2.java</file>
            <file>file:/C:/Users/63916/Desktop/BusReservation2.0/src/CustomerDB.java</file>
            <file>file:/C:/Users/63916/Desktop/BusReservation2.0/src/Print.java</file>
            <file>file:/C:/Users/63916/Desktop/BusReservation2.0/src/chooseyourdate/BookTicket.java</file>
            <file>file:/C:/Users/63916/Desktop/BusReservation2.0/src/BookingDetails.java</file>
        </group>
    </open-files>
</project-private>
